{
  "Component.js": 1728937444105,
  "xs-app.json": 1730975589291,
  "test/integration/pages/LargeOrderList.js": 1728937444129,
  "test/integration/opaTests.qunit.js": 1728937444121,
  "test/integration/FirstJourney.js": 1728937444129,
  "test/testsuite.qunit.js": 1728937444117,
  "test/integration/pages/LargeOrderObjectPage.js": 1728937444129,
  "manifest.json": 1730367427534,
  "i18n/i18n.properties": 1728937489213,
  "test/integration/FirstJourney-dbg.js": 1728937444129,
  "test/integration/FirstJourney.js.map": 1730975598917,
  "test/integration/opaTests.qunit-dbg.js": 1728937444121,
  "test/integration/opaTests.qunit.js.map": 1730975598914,
  "test/integration/pages/LargeOrderList-dbg.js": 1728937444129,
  "test/integration/pages/LargeOrderList.js.map": 1730975598910,
  "test/testsuite.qunit-dbg.js": 1728937444117,
  "test/testsuite.qunit.js.map": 1730975598913,
  "test/integration/pages/LargeOrderObjectPage-dbg.js": 1728937444129,
  "test/integration/pages/LargeOrderObjectPage.js.map": 1730975598912,
  "Component-dbg.js": 1728937444105,
  "Component.js.map": 1730975598913,
  "Component-preload.js": 1730975599142,
  "Component-preload.js.map": 1730975599142,
  "test/integration/opaTests.qunit.html": 1728937444121,
  "test/testsuite.qunit.html": 1728937444117,
  "test/flpSandbox.html": 1728937444117,
  "index.html": 1728937444105
}