{
  "Component-preload.js.map": 1728998849333,
  "test/integration/pages/LargeOrderList.js": 1728937444129,
  "test/integration/pages/LargeOrderObjectPage.js": 1728937444129,
  "test/integration/opaTests.qunit.js": 1728937444121,
  "test/integration/FirstJourney.js": 1728937444129,
  "test/testsuite.qunit.js": 1728937444117,
  "xs-app.json": 1728998835258,
  "manifest.json": 1728988001528,
  "Component.js": 1728937444105,
  "test/integration/FirstJourney-dbg.js": 1728937444129,
  "test/integration/FirstJourney.js.map": 1728998848855,
  "test/integration/pages/LargeOrderObjectPage-dbg.js": 1728937444129,
  "test/integration/pages/LargeOrderObjectPage.js.map": 1728998848932,
  "test/integration/opaTests.qunit-dbg.js": 1728937444121,
  "test/integration/opaTests.qunit.js.map": 1728998848858,
  "test/integration/pages/LargeOrderList-dbg.js": 1728937444129,
  "test/integration/pages/LargeOrderList.js.map": 1728998848863,
  "test/testsuite.qunit-dbg.js": 1728937444117,
  "test/testsuite.qunit.js.map": 1728998848860,
  "Component-dbg.js": 1728937444105,
  "Component.js.map": 1728998848860,
  "Component-preload.js": 1728998849333,
  "i18n/i18n.properties": 1728937489213,
  "test/integration/opaTests.qunit.html": 1728937444121,
  "test/testsuite.qunit.html": 1728937444117,
  "test/flpSandbox.html": 1728937444117,
  "index.html": 1728937444105
}