{
  "test/testsuite.qunit.js": 1730910426154,
  "test/integration/pages/LargeOrderObjectPage.js": 1730910426210,
  "test/integration/pages/ChangeViewObjectPage.js": 1730910426286,
  "test/integration/opaTests.qunit.js": 1730910426170,
  "test/integration/FirstJourney.js": 1730910426238,
  "i18n/i18n.properties": 1730910439526,
  "xs-app.json": 1730975589295,
  "manifest.json": 1730975589295,
  "Component.js": 1730910862011,
  "test/integration/pages/LargeOrderObjectPage-dbg.js": 1730910426210,
  "test/integration/pages/LargeOrderObjectPage.js.map": 1730975620396,
  "test/integration/pages/ChangeViewObjectPage-dbg.js": 1730910426286,
  "test/integration/pages/ChangeViewObjectPage.js.map": 1730975620379,
  "test/integration/opaTests.qunit-dbg.js": 1730910426170,
  "test/integration/opaTests.qunit.js.map": 1730975620391,
  "test/integration/FirstJourney-dbg.js": 1730910426238,
  "test/integration/FirstJourney.js.map": 1730975620397,
  "test/testsuite.qunit-dbg.js": 1730910426154,
  "test/testsuite.qunit.js.map": 1730975620384,
  "Component-dbg.js": 1730910862011,
  "Component.js.map": 1730975620387,
  "Component-preload.js": 1730975620486,
  "Component-preload.js.map": 1730975620486,
  "test/integration/opaTests.qunit.html": 1730910426170,
  "test/testsuite.qunit.html": 1730910426130,
  "test/flpSandbox.html": 1730910426130,
  "index.html": 1730910426034
}